clave_entidad,clave_municipal,poblacion_2020,pob_acce_muy_baja_o_baja,porc_pob_acce_muy_baja_o_baja
1,1001,"948,990","1,023",0.1
1,1002,"51,536",175,0.3
1,1003,"58,250",601,1
1,1004,"17,000",3,0
1,1005,"129,929",59,0
1,1006,"47,646",72,0.2
1,1007,"57,369",77,0.1
1,1008,"9,552",417,4.4
1,1009,"22,485",3,0
1,1010,"20,853",49,0.2
1,1011,"61,997",7,0
2,2001,"443,807","9,728",2.2
2,2002,"1,049,792","3,195",0.3
2,2003,"108,440","2,313",2.1
2,2004,"1,922,523","4,559",0.2
2,2005,"126,890","2,284",1.8
2,2006,"117,568","5,534",4.7
3,3001,"73,021","2,700",3.7
3,3002,"64,022","59,163",92.4
3,3003,"292,241","4,905",1.7
3,3008,"351,111","4,458",1.3
3,3009,"18,052","1,017",5.6
4,4001,"59,232",26,0
4,4002,"294,077",320,0.1
4,4003,"248,845","1,447",0.6
4,4004,"78,170",362,0.5
4,4005,"31,917",143,0.4
4,4006,"42,140","6,353",15.1
4,4007,"8,683",689,7.9
4,4008,"11,452",440,3.8
4,4009,"59,923",312,0.5
4,4010,"31,714",228,0.7
4,4011,"46,913","5,635",12
4,4012,"15,297",0,0
5,5001,"1,022",27,2.6
5,5002,"163,058","1,194",0.7
5,5003,"23,056",14,0.1
5,5004,"29,578","1,526",5.2
5,5005,"1,643",6,0.4
5,5006,"29,128","1,227",4.2
5,5007,"12,715","1,485",11.7
5,5008,"3,047",45,1.5
5,5009,"59,035",14,0
5,5010,"82,409",69,0.1
5,5011,"11,898","2,033",17.1
5,5012,"1,643",112,6.8
5,5013,"1,735",32,1.8
5,5014,"9,502",259,2.7
5,5015,"1,584",14,0.9
5,5016,"1,764",13,0.7
5,5017,"118,337",30,0
5,5018,"237,951",35,0
5,5019,"7,928",16,0.2
5,5020,"71,627",400,0.6
5,5021,"6,539",17,0.3
5,5022,"33,129",103,0.3
5,5023,"9,642","1,522",15.8
5,5024,"44,472","4,488",10.1
5,5025,"176,327",94,0.1
5,5026,"3,239",69,2.1
5,5027,"122,243","1,423",1.2
5,5028,"64,811",178,0.3
5,5029,"2,471",0,0
5,5030,"879,958","4,080",0.5
5,5031,"24,759",123,0.5
5,5032,"42,260",525,1.2
5,5033,"101,041",609,0.6
5,5034,"6,744","5,322",78.9
5,5035,"720,848",60,0
5,5036,"20,305",272,1.3
5,5037,"6,188",148,2.4
5,5038,"13,135",592,4.5
6,6001,"27,626",3,0
6,6002,"157,048",238,0.2
6,6003,"21,661",111,0.5
6,6004,"20,837",286,1.4
6,6005,"31,267",55,0.2
6,6006,"5,623",129,2.3
6,6007,"191,031",735,0.4
6,6008,"10,231",427,4.2
6,6009,"116,305",76,0.1
6,6010,"149,762",203,0.1
7,7001,"17,994","4,547",25.3
7,7002,"21,187","1,028",4.9
7,7003,"26,899","5,578",20.7
7,7004,"36,160","20,533",56.8
7,7005,"24,512","16,216",66.2
7,7006,"31,735","13,879",43.7
7,7007,"11,283","2,217",19.6
7,7008,"31,947","3,648",11.4
7,7009,"41,135","1,112",2.7
7,7010,"7,365","4,733",64.3
7,7011,"20,157","9,129",45.3
7,7012,"64,632","10,777",16.7
7,7013,"37,263","5,042",13.5
7,7014,"24,273","3,409",14
7,7015,"50,112","4,628",9.2
7,7016,"17,619","7,131",40.5
7,7017,"88,106","16,027",18.2
7,7018,"9,900","4,345",43.9
7,7019,"166,178","8,738",5.3
7,7020,"49,920","15,821",31.7
7,7021,"22,192","6,851",30.9
7,7022,"21,915","15,651",71.4
7,7023,"101,967","12,489",12.2
7,7024,"13,678","2,319",17
7,7025,"7,472","2,405",32.2
7,7026,"47,371","29,515",62.3
7,7027,"112,075","10,335",9.2
7,7028,"6,156",0,0
7,7029,"5,402",924,17.1
7,7030,"36,785","17,649",48
7,7031,"137,262","82,629",60.2
7,7032,"30,896","7,659",24.8
7,7033,"7,245","2,490",34.4
7,7034,"80,897","3,374",4.2
7,7035,"14,556",0,0
7,7036,"7,701","3,689",47.9
7,7037,"36,333","3,502",9.6
7,7038,"22,975","7,362",32
7,7039,"27,893","12,307",44.1
7,7040,"53,242","5,788",10.9
7,7041,"46,409","12,724",27.4
7,7042,"11,377","1,346",11.8
7,7043,"10,961","2,573",23.5
7,7044,"28,999","4,560",15.7
7,7045,"6,284","1,572",25
7,7046,"41,063","10,620",25.9
7,7047,"24,966","4,037",16.2
7,7048,"21,807","2,322",10.6
7,7049,"31,259","5,910",18.9
7,7050,"5,232",713,13.6
7,7051,"46,130","10,941",23.7
7,7052,"141,027","56,219",39.9
7,7053,"7,901","4,598",58.2
7,7054,"28,250","2,885",10.2
7,7055,"5,876",0,0
7,7056,"13,755","2,670",19.4
7,7057,"76,398","25,463",33.3
7,7058,"4,765",0,0
7,7059,"234,661","100,279",42.7
7,7060,"14,088","5,006",35.5
7,7061,"97,397","23,047",23.7
7,7062,"18,469","3,320",18
7,7063,"3,983","1,937",48.6
7,7064,"54,932","24,398",44.4
7,7065,"132,265","44,326",33.5
7,7066,"26,391","16,135",61.1
7,7067,"12,266","6,793",55.4
7,7068,"31,919","4,393",13.8
7,7069,"51,193","8,963",17.5
7,7070,"12,263","5,217",42.5
7,7071,"30,297","5,507",18.2
7,7072,"29,636","11,908",40.2
7,7073,"10,866","2,173",20
7,7074,"44,829",451,1
7,7075,"28,829","2,171",7.5
7,7076,"29,889","18,546",62
7,7077,"64,251","30,047",46.8
7,7078,"215,874","2,831",1.3
7,7079,"41,793","5,018",12
7,7080,"25,937","16,453",63.4
7,7081,"52,935","23,682",44.7
7,7082,"15,518","12,549",80.9
7,7083,"19,092","5,990",31.4
7,7084,"8,561","2,442",28.5
7,7085,"10,890","1,091",10
7,7086,"25,627",122,0.5
7,7087,"41,672",813,2
7,7088,"2,308",609,26.4
7,7089,"353,706","21,743",6.1
7,7090,"4,547","2,075",45.6
7,7091,"13,592","1,229",9
7,7092,"21,426","7,804",36.4
7,7093,"48,162","15,348",31.9
7,7094,"49,499","2,265",4.6
7,7096,"83,505","24,102",28.9
7,7097,"91,913","3,529",3.8
7,7098,"7,211","2,535",35.2
7,7099,"83,111","11,709",14.1
7,7100,"38,025","17,038",44.8
7,7101,"604,147","5,441",0.9
7,7102,"41,024",0,0
7,7103,"30,302","2,074",6.8
7,7104,"16,560","4,220",25.5
7,7105,"16,008","3,130",19.6
7,7106,"67,292","5,955",8.8
7,7107,"65,643","16,476",25.1
7,7108,"109,536","15,692",14.3
7,7109,"40,285","11,476",28.5
7,7110,"7,526",781,10.4
7,7111,"45,373","6,736",14.8
7,7112,"37,948","20,873",55
7,7113,"8,480","5,560",65.6
7,7114,"23,603","3,615",15.3
7,7115,"14,714","8,865",60.2
7,7116,"12,892","8,615",66.8
7,7117,"8,412","3,378",40.2
7,7118,"6,047",994,16.4
7,7119,"4,959",75,1.5
7,7120,"4,315","4,315",100
7,7121,"8,718","1,648",18.9
7,7122,"15,587",829,5.3
7,7123,"10,783",833,7.7
7,7124,"23,847","7,954",33.4
7,7125,"11,650","9,840",84.5
8,8001,"14,635","2,277",15.6
8,8002,"26,047","1,025",3.9
8,8003,"8,487",727,8.6
8,8004,"24,344",38,0.2
8,8005,"26,093","2,633",10.1
8,8006,"5,807",552,9.5
8,8007,"16,440","8,796",53.5
8,8008,"11,270","10,804",95.9
8,8009,"23,351","4,269",18.3
8,8010,"25,146","1,040",4.1
8,8011,"49,499",687,1.4
8,8012,"8,113","5,110",63
8,8013,"11,815",521,4.4
8,8014,"2,034",35,1.7
8,8015,"1,230",325,26.4
8,8016,"3,704",2,0.1
8,8017,"180,638","5,191",2.9
8,8018,"5,099","1,596",31.3
8,8019,"937,674","1,375",0.1
8,8020,"6,222","6,222",100
8,8021,"150,506",54,0
8,8022,"2,456",371,15.1
8,8023,"6,656",283,4.3
8,8024,"3,791",161,4.2
8,8025,"7,023",24,0.3
8,8026,"2,448",795,32.5
8,8027,"50,180","22,121",44.1
8,8028,"4,237",587,13.9
8,8029,"50,514","47,596",94.2
8,8030,"8,196","8,196",100
8,8031,"35,473","7,809",22
8,8032,"116,662",554,0.5
8,8033,824,93,11.3
8,8034,"5,196",266,5.1
8,8035,"11,005","4,154",37.7
8,8036,"40,859","1,026",2.5
8,8037,"1,512,450",322,0
8,8038,"4,980",104,2.1
8,8039,"4,122",61,1.5
8,8040,"25,144","3,159",12.6
8,8041,"1,302","1,276",98
8,8042,"1,178",389,33
8,8043,"2,742",139,5.1
8,8044,"4,314",868,20.1
8,8045,"44,853",68,0.2
8,8046,"7,266","6,145",84.6
8,8047,"4,447","4,447",100
8,8048,"22,712","3,225",14.2
8,8049,"2,757",701,25.4
8,8050,"65,753","1,045",1.6
8,8051,"8,127","2,116",26
8,8052,"24,534","1,220",5
8,8053,"5,111",88,1.7
8,8054,"7,695","1,884",24.5
8,8055,"16,776",139,0.8
8,8056,"2,079","1,082",52
8,8057,"2,197",462,21
8,8058,"2,696",61,2.3
8,8059,"5,004",119,2.4
8,8060,"11,582",330,2.8
8,8061,"3,414",953,27.9
8,8062,"29,862",61,0.2
8,8063,"5,320","1,419",26.7
8,8064,"1,448",173,11.9
8,8065,"17,043","14,773",86.7
8,8066,"6,512","6,137",94.2
8,8067,"4,775","1,632",34.2
9,9002,"432,205",0,0
9,9003,"614,447",0,0
9,9004,"217,686",803,0.4
9,9005,"1,173,351",0,0
9,9006,"404,695",0,0
9,9007,"1,835,486",0,0
9,9008,"247,622","1,033",0.4
9,9009,"152,685","9,793",6.4
9,9010,"759,137",134,0
9,9011,"392,313","2,683",0.7
9,9012,"699,928",617,0.1
9,9013,"442,178","3,481",0.8
9,9014,"434,153",0,0
9,9015,"545,884",0,0
9,9016,"414,470",0,0
9,9017,"443,704",0,0
10,10001,"31,454","3,593",11.4
10,10002,"4,321","3,623",83.8
10,10003,"4,084","1,281",31.4
10,10004,"34,955","2,979",8.5
10,10005,"688,697","3,852",0.6
10,10006,"10,038","3,547",35.3
10,10007,"372,750",63,0
10,10008,"36,695",190,0.5
10,10009,"9,869","4,648",47.1
10,10010,"3,843",484,12.6
10,10011,"4,748","1,137",23.9
10,10012,"163,313",910,0.6
10,10013,"26,932","1,668",6.2
10,10014,"48,583","41,399",85.2
10,10015,"12,894",626,4.9
10,10016,"19,060",903,4.7
10,10017,"8,003","2,515",31.4
10,10018,"10,384","3,577",34.4
10,10019,"4,924","4,610",93.6
10,10020,"12,656","1,058",8.4
10,10021,"11,118","1,701",15.3
10,10022,"25,623",18,0.1
10,10023,"51,269","15,922",31.1
10,10024,"12,818","1,030",8
10,10025,"2,837","1,846",65.1
10,10026,"17,333","15,932",91.9
10,10027,"5,251","2,677",51
10,10028,"12,013","2,407",20
10,10029,"2,103",196,9.3
10,10030,"1,633",568,34.8
10,10031,"6,727",884,13.1
10,10032,"49,207","8,303",16.9
10,10033,"6,917","2,354",34
10,10034,"26,300","20,981",79.8
10,10035,"11,378","3,342",29.4
10,10036,"21,143",665,3.1
10,10037,"9,320","9,320",100
10,10038,"23,476",1,0
10,10039,"27,981","7,145",25.5
11,11001,"92,040",263,0.3
11,11002,"108,697","3,963",3.6
11,11003,"174,615","23,441",13.4
11,11004,"63,392",654,1
11,11005,"117,883","3,239",2.7
11,11006,"5,296","2,544",48
11,11007,"521,169","1,144",0.2
11,11008,"41,240","2,868",7
11,11009,"82,216","8,792",10.7
11,11010,"11,083",0,0
11,11011,"97,928",970,1
11,11012,"30,857",402,1.3
11,11013,"27,390","1,553",5.7
11,11014,"163,038","29,641",18.2
11,11015,"194,500","15,246",7.8
11,11016,"21,128",0,0
11,11017,"592,953","6,452",1.1
11,11018,"38,782",2,0
11,11019,"49,517","6,055",12.2
11,11020,"1,721,215","15,410",0.9
11,11021,"47,261",0,0
11,11022,"26,383",449,1.7
11,11023,"154,960","10,111",6.5
11,11024,"12,403",0,0
11,11025,"83,842",655,0.8
11,11026,"65,766",445,0.7
11,11027,"273,417","3,728",1.4
11,11028,"94,126",481,0.5
11,11029,"41,054","6,135",14.9
11,11030,"119,793","26,828",22.4
11,11031,"130,871","6,422",4.9
11,11032,"89,558",440,0.5
11,11033,"128,536","10,273",8
11,11034,"5,723",956,16.7
11,11035,"82,340",725,0.9
11,11036,"6,714",0,0
11,11037,"203,556","1,685",0.8
11,11038,"11,304",142,1.3
11,11039,"35,905",408,1.1
11,11040,"20,007","1,071",5.4
11,11041,"61,494",155,0.3
11,11042,"150,054","1,280",0.9
11,11043,"21,253","4,929",23.2
11,11044,"65,791",0,0
11,11045,"11,143","7,547",67.7
11,11046,"68,741",645,0.9
12,12001,"779,566","13,792",1.8
12,12002,"25,205","15,335",60.8
12,12003,"37,655","8,848",23.5
12,12004,"21,225","10,706",50.4
12,12005,"7,813",0,0
12,12006,"11,112","3,148",28.3
12,12007,"33,267","5,228",15.7
12,12008,"9,147","1,705",18.6
12,12009,"5,811","2,571",44.2
12,12010,"28,491","13,273",46.6
12,12011,"60,680","8,746",14.4
12,12012,"69,123","19,292",27.9
12,12013,"15,099",465,3.1
12,12014,"15,442",125,0.8
12,12015,"12,982",149,1.1
12,12016,"12,408","9,435",76
12,12017,"15,579",727,4.7
12,12018,"14,463",312,2.2
12,12019,"15,598","3,567",22.9
12,12020,"21,648","8,966",41.4
12,12021,"73,056","6,903",9.4
12,12022,"38,554","7,903",20.5
12,12023,"26,627",392,1.5
12,12024,"7,874","2,745",34.9
12,12025,"17,024","3,985",23.4
12,12026,"8,272","1,474",17.8
12,12027,"20,537","4,471",21.8
12,12028,"123,722","39,751",32.1
12,12029,"283,354","12,027",4.2
12,12030,"22,250","1,664",7.5
12,12031,"6,278","3,939",62.7
12,12032,"37,254","25,083",67.3
12,12033,"17,488",52,0.3
12,12034,"36,593","1,636",4.5
12,12035,"154,173",433,0.3
12,12036,"11,739","1,556",13.3
12,12037,"6,138","1,830",29.8
12,12038,"126,001","1,775",1.4
12,12039,"26,093",935,3.6
12,12040,"26,357","5,814",22.1
12,12041,"29,625","12,893",43.5
12,12042,"18,613","3,288",17.7
12,12043,"18,859","6,677",35.4
12,12044,"12,402","2,759",22.2
12,12045,"28,446","9,572",33.6
12,12046,"68,207","2,060",3
12,12047,"7,076","5,190",73.3
12,12048,"44,583","5,406",12.1
12,12049,"12,753",932,7.3
12,12050,"38,482",0,0
12,12051,"36,143","18,227",50.4
12,12052,"46,270","7,802",16.9
12,12053,"50,124","6,137",12.2
12,12054,"24,139","13,076",54.2
12,12055,"105,586","10,472",9.9
12,12056,"46,063","12,877",28
12,12057,"65,237","6,623",10.2
12,12058,"53,817","10,975",20.4
12,12059,"30,806","2,193",7.1
12,12060,"13,552","6,230",46
12,12061,"43,171",17,0
12,12062,"22,781","6,692",29.4
12,12063,"10,092","7,554",74.9
12,12064,"11,681","1,798",15.4
12,12065,"7,602","2,018",26.5
12,12066,"96,125","7,882",8.2
12,12067,"22,209",384,1.7
12,12068,"26,349","5,498",20.9
12,12069,"11,966","2,472",20.7
12,12070,"7,862",668,8.5
12,12071,"29,891","4,807",16.1
12,12072,"12,004","3,422",28.5
12,12073,"18,031","5,325",29.5
12,12074,"21,977","2,907",13.2
12,12075,"53,126","2,254",4.2
12,12076,"40,197","35,685",88.8
12,12077,"14,280","1,021",7.1
12,12078,"21,241","12,287",57.8
12,12079,"18,381","12,320",67
12,12080,"7,559",526,7
12,12081,"11,679","4,731",40.5
13,13001,"22,268","3,412",15.3
13,13002,"46,065","6,092",13.2
13,13003,"61,002","1,282",2.1
13,13004,"10,313","2,561",24.8
13,13005,"18,872",0,0
13,13006,"19,162","1,941",10.1
13,13007,"12,546",179,1.4
13,13008,"46,681",560,1.2
13,13009,"19,836",377,1.9
13,13010,"31,525",2,0
13,13011,"19,812","2,938",14.8
13,13012,"30,135","7,222",24
13,13013,"62,470",757,1.2
13,13014,"16,150","2,799",17.3
13,13015,"19,431","2,254",11.6
13,13016,"60,421","4,915",8.1
13,13017,"12,967",941,7.3
13,13018,"22,903","5,588",24.4
13,13019,"18,909",235,1.2
13,13020,"2,593",920,35.5
13,13021,"15,175",22,0.1
13,13022,"16,285",240,1.5
13,13023,"36,248",16,0
13,13024,"17,607","3,072",17.4
13,13025,"20,673","7,132",34.5
13,13026,"12,766","6,686",52.4
13,13027,"22,846","6,766",29.6
13,13028,"126,781","10,596",8.4
13,13029,"47,425","2,925",6.2
13,13030,"98,654",474,0.5
13,13031,"12,290","2,962",24.1
13,13032,"10,523",0,0
13,13033,"2,895",449,15.5
13,13034,"9,474","3,360",35.5
13,13035,"13,078","2,292",17.5
13,13036,"9,449","2,441",25.8
13,13037,"20,962","6,338",30.2
13,13038,"8,878","1,881",21.2
13,13039,"14,324",47,0.3
13,13040,"9,819","6,851",69.8
13,13041,"47,222",0,0
13,13042,"11,578","3,920",33.9
13,13043,"6,265","3,726",59.5
13,13044,"16,948","1,010",6
13,13045,"9,295",642,6.9
13,13046,"38,492","7,518",19.5
13,13047,"4,748","1,601",33.7
13,13048,"314,331","1,107",0.4
13,13049,"18,723","12,854",68.7
13,13050,"23,641",0,0
13,13051,"202,749","1,672",0.8
13,13052,"38,891","1,963",5
13,13053,"17,699","9,398",53.1
13,13054,"36,796",24,0.1
13,13055,"18,329",384,2.1
13,13056,"39,561",331,0.8
13,13057,"15,142","1,032",6.8
13,13058,"17,441",110,0.6
13,13059,"38,010","1,787",4.7
13,13060,"17,503","7,578",43.3
13,13061,"56,245",321,0.6
13,13062,"31,235","15,560",49.8
13,13063,"90,546","1,407",1.6
13,13064,"10,830",142,1.3
13,13065,"11,768",0,0
13,13066,"13,032",0,0
13,13067,"55,134",0,0
13,13068,"14,340","10,156",70.8
13,13069,"168,302",310,0.2
13,13070,"19,067",159,0.8
13,13071,"9,086","6,769",74.5
13,13072,"11,113",24,0.2
13,13073,"37,722","18,840",49.9
13,13074,"28,626",0,0
13,13075,"21,362",9,0
13,13076,"115,107",19,0
13,13077,"168,369","1,702",1
13,13078,"18,260","12,420",68
13,13079,"7,015","2,368",33.8
13,13080,"24,674","6,642",26.9
13,13081,"38,155","4,672",12.2
13,13082,"21,443",1,0
13,13083,"57,906",275,0.5
13,13084,"39,927","5,612",14.1
14,14001,"23,175","1,355",5.8
14,14002,"25,250",438,1.7
14,14003,"23,630",301,1.3
14,14004,"5,743",101,1.8
14,14005,"16,490",369,2.2
14,14006,"60,386","4,385",7.3
14,14007,"9,433",9,0.1
14,14008,"80,609","3,529",4.4
14,14009,"21,115",10,0
14,14010,"7,758",829,10.7
14,14011,"5,599","1,001",17.9
14,14012,"4,176",65,1.6
14,14013,"64,009","4,999",7.8
14,14014,"8,689",764,8.8
14,14015,"64,931","2,149",3.3
14,14016,"41,552","3,226",7.8
14,14017,"12,880","2,066",16
14,14018,"67,937",176,0.3
14,14019,"7,043","3,837",54.5
14,14020,"10,940","3,927",35.9
14,14021,"20,548",28,0.1
14,14022,"40,139",232,0.6
14,14023,"115,141",5,0
14,14024,"29,267","1,647",5.6
14,14025,"19,689","1,312",6.7
14,14026,"6,334",219,3.5
14,14027,"18,370","4,592",25
14,14028,"2,166",507,23.4
14,14029,"17,820","3,448",19.3
14,14030,"55,196",11,0
14,14031,"3,270","1,858",56.8
14,14032,"5,983",317,5.3
14,14033,"21,226",775,3.7
14,14034,"1,981",256,12.9
14,14035,"53,039","3,234",6.1
14,14036,"20,011",339,1.7
14,14037,"25,920",132,0.5
14,14038,"4,199","1,140",27.1
14,14039,"1,385,629",8,0
14,14040,"8,732","2,197",25.2
14,14041,"5,920",373,6.3
14,14042,"10,015","1,137",11.4
14,14043,"23,258","1,416",6.1
14,14044,"67,969",634,0.9
14,14045,"20,465","1,280",6.3
14,14046,"32,678","1,024",3.1
14,14047,"24,894",1,0
14,14048,"18,982","1,642",8.7
14,14049,"9,425","2,422",25.7
14,14050,"47,105",274,0.6
14,14051,"30,855",49,0.2
14,14052,"5,534",475,8.6
14,14053,"172,403","13,542",7.9
14,14054,"5,368",0,0
14,14055,"21,781",389,1.8
14,14056,"1,815","1,044",57.5
14,14057,"4,099",242,5.9
14,14058,"14,451","2,433",16.8
14,14059,"14,043","1,803",12.8
14,14060,"5,307",399,7.5
14,14061,"22,083","19,007",86.1
14,14062,"3,638",716,19.7
14,14063,"106,050","2,126",2
14,14064,"33,588",856,2.5
14,14065,"11,386",989,8.7
14,14066,"53,659","3,421",6.4
14,14067,"291,839","2,470",0.8
14,14068,"11,303","4,207",37.2
14,14069,"7,734","2,146",27.7
14,14070,"232,852",18,0
14,14071,"2,924","1,569",53.7
14,14072,"7,609",592,7.8
14,14073,"72,230","3,558",4.9
14,14074,"16,792",680,4
14,14075,"3,791",197,5.2
14,14076,"3,095",430,13.9
14,14077,"28,102","1,060",3.8
14,14078,"31,965","1,516",4.7
14,14079,"16,431",273,1.7
14,14080,"5,086","1,976",38.9
14,14081,"3,515",311,8.8
14,14082,"37,186",11,0
14,14083,"87,690",729,0.8
14,14084,"14,997","2,836",18.9
14,14085,"38,955","3,887",10
14,14086,"21,245","1,461",6.9
14,14087,"16,705","1,303",7.8
14,14088,"16,603","1,511",9.1
14,14089,"4,072",222,5.5
14,14090,"7,302",262,3.6
14,14091,"39,839","5,437",13.6
14,14092,"11,039","1,547",14
14,14093,"150,190","4,841",3.2
14,14094,"44,353","3,996",9
14,14095,"9,647",60,0.6
14,14096,"22,758",346,1.5
14,14097,"727,750","6,838",0.9
14,14098,"687,127","3,414",0.5
14,14099,"11,219","3,540",31.6
14,14100,"36,316","5,011",13.8
14,14101,"569,913","1,263",0.2
14,14102,"5,961","1,394",23.4
14,14103,"7,565",116,1.5
14,14104,"4,180",143,3.4
14,14105,"23,573","2,053",8.7
14,14106,"5,482",529,9.6
14,14107,"6,702",0,0
14,14108,"37,518",381,1
14,14109,"19,069","3,687",19.3
14,14110,"13,799",586,4.2
14,14111,"6,627",505,7.6
14,14112,"6,151",254,4.1
14,14113,"16,548",718,4.3
14,14114,"19,063",55,0.3
14,14115,"5,525",608,11
14,14116,"20,088","1,417",7.1
14,14117,"4,388",909,20.7
14,14118,"22,394",642,2.9
14,14119,"30,472",717,2.4
14,14120,"1,476,491","4,932",0.3
14,14121,"33,713",123,0.4
14,14122,"7,466","1,209",16.2
14,14123,"19,279","1,567",8.1
14,14124,"64,806","2,542",3.9
14,14125,"18,341",952,5.2
15,15001,"67,872",860,1.3
15,15002,"171,507",0,0
15,15003,"49,266",110,0.2
15,15004,"15,333","2,007",13.1
15,15005,"174,587","3,785",2.2
15,15006,"12,694",0,0
15,15007,"23,675","1,866",7.9
15,15008,"25,244","8,586",34
15,15009,"53,441",141,0.3
15,15010,"31,898",0,0
15,15011,"75,489","1,084",1.4
15,15012,"12,984",0,0
15,15013,"523,674",0,0
15,15014,"109,384",26,0
15,15015,"31,900",1,0
15,15016,"29,128",74,0.3
15,15017,"10,053",0,0
15,15018,"68,489",400,0.6
15,15019,"36,921",0,0
15,15020,"293,444",0,0
15,15021,"38,643","6,901",17.9
15,15022,"15,107",0,0
15,15023,"40,885",0,0
15,15024,"178,847",0,0
15,15025,"400,057",759,0.2
15,15026,"31,737","2,348",7.4
15,15027,"12,772",0,0
15,15028,"30,045",0,0
15,15029,"200,750",0,0
15,15030,"27,692",0,0
15,15031,"705,193","1,978",0.3
15,15032,"37,436",528,1.4
15,15033,"1,645,352",686,0
15,15034,"10,827",27,0.2
15,15035,"163,244",55,0
15,15036,"46,757",0,0
15,15037,"284,965","1,905",0.7
15,15038,"11,929",0,0
15,15039,"542,211","4,287",0.8
15,15040,"36,911","2,718",7.4
15,15041,"6,475",366,5.7
15,15042,"160,139",223,0.1
15,15043,"30,687",297,1
15,15044,"28,217",0,0
15,15045,"87,671",532,0.6
15,15046,"19,877",77,0.4
15,15047,"76,826",994,1.3
15,15048,"69,264",313,0.5
15,15049,"15,428",0,0
15,15050,"27,116",0,0
15,15051,"170,327",0,0
15,15052,"28,155","2,470",8.8
15,15053,"61,220",17,0
15,15054,"242,307","1,194",0.5
15,15055,"13,807",0,0
15,15056,"33,164",541,1.6
15,15057,"834,434","4,008",0.5
15,15058,"1,077,208",0,0
15,15059,"57,082",149,0.3
15,15060,"430,601","4,770",1.1
15,15061,"10,351",0,0
15,15062,"72,103","1,194",1.7
15,15063,"36,223",766,2.1
15,15064,"36,937","2,617",7.1
15,15065,"36,331",60,0.2
15,15066,"4,891",286,5.8
15,15067,"88,783",0,0
15,15068,"30,785",0,0
15,15069,"4,862",0,0
15,15070,"304,088",339,0.1
15,15071,"14,985",0,0
15,15072,"15,972",0,0
15,15073,"31,962",0,0
15,15074,"144,924","2,231",1.5
15,15075,"29,182",0,0
15,15076,"97,418","1,003",1
15,15077,"6,692","1,071",16
15,15078,"9,729","1,744",17.9
15,15079,"14,323",0,0
15,15080,"24,145","5,245",21.7
15,15081,"547,503",587,0.1
15,15082,"79,282","18,924",23.9
15,15083,"14,130",0,0
15,15084,"43,593",0,0
15,15085,"66,414","1,720",2.6
15,15086,"35,014","2,382",6.8
15,15087,"105,766",0,0
15,15088,"104,677","1,602",1.5
15,15089,"11,359",0,0
15,15090,"90,518",391,0.4
15,15091,"65,459",0,0
15,15092,"58,507",0,0
15,15093,"32,564",68,0.2
15,15094,"20,500",87,0.4
15,15095,"103,696","4,358",4.2
15,15096,"39,489",2,0
15,15097,"18,482","2,344",12.7
15,15098,"5,736",0,0
15,15099,"277,562","3,264",1.2
15,15100,"47,044",0,0
15,15101,"84,259",762,0.9
15,15102,"16,414",155,0.9
15,15103,"49,196",642,1.3
15,15104,"672,202",265,0
15,15105,"31,762","13,525",42.6
15,15106,"910,608",298,0
15,15107,"12,912",0,0
15,15108,"157,645",0,0
15,15109,"516,341",679,0.1
15,15110,"61,590","2,440",4
15,15111,"53,275","3,417",6.4
15,15112,"51,498","5,637",10.9
15,15113,"69,086",948,1.4
15,15114,"108,196","5,251",4.9
15,15115,"54,633",856,1.6
15,15116,"5,109",75,1.5
15,15117,"13,522","5,234",38.7
15,15118,"203,872",973,0.5
15,15119,"18,833",564,3
15,15120,"280,455","1,116",0.4
15,15121,"555,163","6,273",1.1
15,15122,"391,731",0,0
15,15123,"28,822","9,506",33
15,15124,"100,082","14,994",15
15,15125,"14,883",0,0
16,16001,"11,301",639,5.7
16,16002,"14,754","1,668",11.3
16,16003,"23,000",9,0
16,16004,"14,943",344,2.3
16,16005,"10,892","2,264",20.8
16,16006,"126,191","2,661",2.1
16,16007,"3,529",0,0
16,16008,"24,676","6,912",28
16,16009,"36,268","2,257",6.2
16,16010,"20,332","4,433",21.8
16,16011,"11,681",0,0
16,16012,"45,538",808,1.8
16,16013,"9,176","2,171",23.7
16,16014,"17,022",608,3.6
16,16015,"19,633","3,193",16.3
16,16016,"20,965",0,0
16,16017,"35,070",799,2.3
16,16018,"9,484",638,6.7
16,16019,"20,198","1,278",6.3
16,16020,"29,910",8,0
16,16021,"13,539",0,0
16,16022,"25,138",406,1.6
16,16023,"10,417",0,0
16,16024,"20,586",607,2.9
16,16025,"40,560",0,0
16,16026,"4,773","2,014",42.2
16,16027,"4,944",198,4
16,16028,"5,233",0,0
16,16029,"12,342","3,567",28.9
16,16030,"11,850",0,0
16,16031,"16,112","1,696",10.5
16,16032,"15,715",0,0
16,16033,"21,466",298,1.4
16,16034,"125,712","8,660",6.9
16,16035,"30,627","2,352",7.7
16,16036,"11,644",0,0
16,16037,"7,945",0,0
16,16038,"41,973","4,555",10.9
16,16039,"9,015",0,0
16,16040,"18,385",62,0.3
16,16041,"16,043",813,5.1
16,16042,"14,302",2,0
16,16043,"68,781",0,0
16,16044,"12,946",0,0
16,16045,"36,158",844,2.3
16,16046,"14,936",179,1.2
16,16047,"19,834","1,270",6.4
16,16048,"5,745",0,0
16,16049,"19,086","6,886",36.1
16,16050,"89,311","7,264",8.1
16,16051,"13,983",94,0.7
16,16052,"196,003","1,063",0.5
16,16053,"849,053","3,443",0.4
16,16054,"7,983",52,0.7
16,16055,"45,732",134,0.3
16,16056,"32,598",388,1.2
16,16057,"8,196","2,848",34.7
16,16058,"20,981","1,064",5.1
16,16059,"9,027","1,763",19.5
16,16060,"9,437",0,0
16,16061,"24,774","3,482",14.1
16,16062,"21,028",596,2.8
16,16063,"14,889",0,0
16,16064,"26,832","1,413",5.3
16,16065,"39,657",0,0
16,16066,"98,382","3,211",3.3
16,16067,"16,621",0,0
16,16068,"29,389",879,3
16,16069,"106,490",138,0.1
16,16070,"15,503",99,0.6
16,16071,"69,260",0,0
16,16072,"13,961",315,2.3
16,16073,"27,176",0,0
16,16074,"10,553",30,0.3
16,16075,"78,935",1,0
16,16076,"78,477",211,0.3
16,16077,"17,677","2,129",12
16,16078,"12,812",58,0.5
16,16079,"49,896","1,098",2.2
16,16080,"19,833","2,088",10.5
16,16081,"9,076","1,733",19.1
16,16082,"79,540","3,296",4.1
16,16083,"33,453","4,449",13.3
16,16084,"31,716",14,0
16,16085,"35,256",1,0
16,16086,"15,534",743,4.8
16,16087,"15,589",565,3.6
16,16088,"114,513","2,190",1.9
16,16089,"24,074","4,457",18.5
16,16090,"16,325",0,0
16,16091,"14,934",0,0
16,16092,"12,836","3,922",30.6
16,16093,"28,556","7,047",24.7
16,16094,"6,420",0,0
16,16095,"12,325",168,1.4
16,16096,"5,971","1,272",21.3
16,16097,"29,056","8,724",30
16,16098,"25,757","1,149",4.5
16,16099,"14,329","2,690",18.8
16,16100,"14,911",373,2.5
16,16101,"8,855","2,966",33.5
16,16102,"356,786","2,438",0.7
16,16103,"23,469",0,0
16,16104,"15,864",765,4.8
16,16105,"20,982",10,0
16,16106,"32,303",0,0
16,16107,"76,829",19,0
16,16108,"204,860",17,0
16,16109,"3,232",13,0.4
16,16110,"49,005",501,1
16,16111,"18,402",15,0.1
16,16112,"157,056","7,441",4.7
16,16113,"26,213",0,0
17,17001,"17,598",152,0.9
17,17002,"25,232",5,0
17,17003,"39,174",45,0.1
17,17004,"89,834",82,0.1
17,17005,"10,520",0,0
17,17006,"187,118",117,0.1
17,17007,"378,476","1,804",0.5
17,17008,"107,053",189,0.2
17,17009,"24,515",155,0.6
17,17010,"18,402",290,1.6
17,17011,"215,357",423,0.2
17,17012,"57,682",0,0
17,17013,"16,694",1,0
17,17014,"9,653",0,0
17,17015,"15,802",154,1
17,17016,"19,219",2,0
17,17017,"40,018",261,0.7
17,17018,"122,263","2,775",2.3
17,17019,"28,122",330,1.2
17,17020,"54,987",3,0
17,17021,"7,617",0,0
17,17022,"14,853",0,0
17,17023,"7,943",10,0.1
17,17024,"52,399",39,0.1
17,17025,"33,789","1,404",4.2
17,17026,"19,408",0,0
17,17027,"12,750",15,0.1
17,17028,"73,539",38,0.1
17,17029,"105,780",73,0.1
17,17030,"56,083",6,0
17,17031,"36,094",52,0.1
17,17032,"9,965",0,0
17,17033,"16,574",0,0
17,17034,"11,347",0,0
17,17035,"27,805",0,0
17,17036,"7,855",3,0
18,18001,"37,232","3,814",10.2
18,18002,"15,393",392,2.5
18,18003,"11,536","1,123",9.7
18,18004,"77,436","2,460",3.2
18,18005,"12,230","7,751",63.4
18,18006,"29,299",948,3.2
18,18007,"19,321","3,078",15.9
18,18008,"65,229","2,951",4.5
18,18009,"47,550","40,527",85.2
18,18010,"33,567","4,368",13
18,18011,"24,096","1,737",7.2
18,18012,"41,518","1,395",3.4
18,18013,"7,683",3,0
18,18014,"24,911",931,3.7
18,18015,"93,981","2,149",2.3
18,18016,"37,135","2,128",5.7
18,18017,"425,924","2,256",0.5
18,18018,"30,064",7,0
18,18019,"13,719","13,712",99.9
18,18020,"187,632","2,093",1.1
19,19001,"2,974",0,0
19,19002,"3,382",35,1
19,19003,"1,407",20,1.4
19,19004,"35,289",21,0.1
19,19005,"18,030",573,3.2
19,19006,"656,464","3,899",0.6
19,19007,"14,992","3,598",24
19,19008,"3,661",35,1
19,19009,"122,337",474,0.4
19,19010,"104,478",2,0
19,19011,"7,340",125,1.7
19,19012,"68,747",18,0
19,19013,"9,930",460,4.6
19,19014,"36,088","11,676",32.4
19,19015,"1,360",71,5.2
19,19016,"3,256",38,1.2
19,19017,"40,903","11,267",27.5
19,19018,"397,205","3,101",0.8
19,19019,"132,169",13,0
19,19020,"5,506",254,4.6
19,19021,"481,213",1,0
19,19022,"14,109",366,2.6
19,19023,"1,808",27,1.5
19,19024,"6,282","2,450",39
19,19025,"102,149",150,0.1
19,19026,"643,143",0,0
19,19027,"1,959",27,1.4
19,19028,"1,386",19,1.4
19,19029,"7,026",6,0.1
19,19030,"3,298","1,326",40.2
19,19031,"471,523",40,0
19,19032,"5,351",137,2.6
19,19033,"84,666","3,344",3.9
19,19034,"5,119",18,0.4
19,19035,"1,483",3,0.2
19,19036,"7,652","2,450",32
19,19037,"6,048",296,4.9
19,19038,"67,428",549,0.8
19,19039,"1,142,994",18,0
19,19040,906,24,2.6
19,19041,"147,624",142,0.1
19,19042,"5,389",158,2.9
19,19043,"2,377","1,107",46.6
19,19044,"34,709",73,0.2
19,19045,"86,766",225,0.3
19,19046,"412,199",0,0
19,19047,"16,086",0,0
19,19048,"306,322",137,0
19,19049,"46,784",440,0.9
19,19050,"1,552",129,8.3
19,19051,"3,573",9,0.3
20,20001,841,0,0
20,20002,"45,167","12,788",28.3
20,20003,"2,547","1,692",66.4
20,20004,"1,107",0,0
20,20005,"15,261","1,066",7
20,20006,"20,464","2,652",13
20,20007,"2,395",0,0
20,20008,734,302,41.1
20,20009,"6,857","2,287",33.4
20,20010,"13,474",831,6.2
20,20011,"1,402",505,36
20,20012,"11,166","6,628",59.4
20,20013,"3,043",0,0
20,20014,"28,082",294,1
20,20015,"5,356","2,071",38.7
20,20016,"9,563","7,182",75.1
20,20017,"3,607","2,305",63.9
20,20018,752,456,60.6
20,20019,"2,754","2,052",74.5
20,20020,"4,847",926,19.1
20,20021,"14,488","1,171",8.1
20,20022,803,24,3
20,20023,"26,882","1,319",4.9
20,20024,"3,644","2,546",69.9
20,20025,"11,356",2,0
20,20026,"9,035","1,490",16.5
20,20027,"2,179","2,179",100
20,20028,"23,148","3,239",14
20,20029,"4,215","3,085",73.2
20,20030,"8,730",110,1.3
20,20031,"7,185","2,241",31.2
20,20032,"1,077",0,0
20,20033,"2,929",0,0
20,20034,"1,288",63,4.9
20,20035,657,2,0.3
20,20036,"5,256","3,239",61.6
20,20037,"4,424",900,20.3
20,20038,"1,885",133,7.1
20,20039,"78,313","1,312",1.7
20,20040,"6,385","2,149",33.7
20,20041,"31,710","15,286",48.2
20,20042,"8,385","4,800",57.2
20,20043,"113,570",864,0.8
20,20044,"40,934","4,250",10.4
20,20045,"7,888",0,0
20,20046,"2,943","1,579",53.7
20,20047,81,0,0
20,20048,"1,433",714,49.8
20,20049,"1,184",0,0
20,20050,"3,750","2,243",59.8
20,20051,"4,764",120,2.5
20,20052,"5,996","1,137",19
20,20053,"1,297",0,0
20,20054,404,23,5.7
20,20055,"3,739",298,8
20,20056,"1,446",0,0
20,20057,"38,183","5,869",15.4
20,20058,"12,722","11,475",90.2
20,20059,"50,375","9,028",17.9
20,20060,"2,487","1,362",54.8
20,20061,"2,893","1,692",58.5
20,20062,498,0,0
20,20063,"4,293",0,0
20,20064,"8,494","2,062",24.3
20,20065,"1,079",284,26.3
20,20066,"5,342",650,12.2
20,20067,"270,955","1,525",0.6
20,20068,"23,751","3,228",13.6
20,20069,"3,052",525,17.2
20,20070,"6,416",757,11.8
20,20071,"3,255","1,023",31.4
20,20072,"8,059","3,974",49.3
20,20073,"34,652","2,060",5.9
20,20074,456,0,0
20,20075,"2,660",0,0
20,20076,"3,411","1,475",43.2
20,20077,"4,370",0,0
20,20078,"1,301",0,0
20,20079,"84,438",738,0.9
20,20080,"1,593",16,1
20,20081,"1,871",3,0.2
20,20082,"4,163","1,328",31.9
20,20083,"11,391",0,0
20,20084,"4,168",2,0
20,20085,"26,194","22,431",85.6
20,20086,"1,032",300,29.1
20,20087,"5,521",0,0
20,20088,"2,881","1,950",67.7
20,20089,"2,308",100,4.3
20,20090,"6,234",5,0.1
20,20091,"6,279",0,0
20,20092,"1,776",184,10.4
20,20093,518,320,61.8
20,20094,"1,850",806,43.6
20,20095,"4,562",973,21.3
20,20096,756,1,0.1
20,20097,"1,771",0,0
20,20098,"4,233","3,022",71.4
20,20099,381,0,0
20,20100,393,0,0
20,20101,748,0,0
20,20102,"5,326",0,0
20,20103,"6,064",0,0
20,20104,"2,705","1,255",46.4
20,20105,"7,678","6,217",81
20,20106,249,105,42.2
20,20107,"26,282",260,1
20,20108,"2,936","1,001",34.1
20,20109,"1,232",0,0
20,20110,"1,668","1,501",90
20,20111,"4,873",0,0
20,20112,"2,576",0,0
20,20113,"3,169",596,18.8
20,20114,674,488,72.4
20,20115,"10,391",108,1
20,20116,"4,131",0,0
20,20117,"2,213",957,43.2
20,20118,"2,389",80,3.3
20,20119,735,0,0
20,20120,449,0,0
20,20121,596,231,38.8
20,20122,653,63,9.6
20,20123,"2,829",997,35.2
20,20124,"19,696",43,0.2
20,20125,"11,662","9,206",78.9
20,20126,"5,396",610,11.3
20,20127,"1,252",491,39.2
20,20128,"1,342",0,0
20,20129,356,2,0.6
20,20130,"5,180",106,2
20,20131,"11,411",993,8.7
20,20132,"1,380",269,19.5
20,20133,"3,934","2,934",74.6
20,20134,"28,500","5,713",20
20,20135,"8,231","1,275",15.5
20,20136,"12,191","3,859",31.7
20,20137,"3,450","3,450",100
20,20138,451,0,0
20,20139,"2,195","1,847",84.1
20,20140,812,0,0
20,20141,"8,710","1,708",19.6
20,20142,842,169,20.1
20,20143,"9,461",866,9.2
20,20144,"1,075",640,59.5
20,20145,"5,215",0,0
20,20146,"2,803","1,329",47.4
20,20147,376,47,12.5
20,20148,"2,182","1,179",54
20,20149,"2,019",172,8.5
20,20150,"13,856",650,4.7
20,20151,312,133,42.6
20,20152,"2,472","1,552",62.8
20,20153,"4,910",458,9.3
20,20154,"2,329","1,333",57.2
20,20155,"1,060",312,29.4
20,20156,"3,677","1,654",45
20,20157,"16,827",0,0
20,20158,"2,233","1,061",47.5
20,20159,"5,537","3,894",70.3
20,20160,"1,429",0,0
20,20161,"2,730","2,121",77.7
20,20162,"2,046",292,14.3
20,20163,"1,577",417,26.4
20,20164,"2,881",0,0
20,20165,"1,629",0,0
20,20166,"11,310","1,422",12.6
20,20167,"2,149",442,20.6
20,20168,938,0,0
20,20169,"4,251","3,452",81.2
20,20170,"3,700","2,408",65.1
20,20171,"18,102","13,080",72.3
20,20172,408,174,42.6
20,20173,"1,457",3,0.2
20,20174,"4,564",0,0
20,20175,"1,424",410,28.8
20,20176,"2,725","1,179",43.3
20,20177,"10,365","2,277",22
20,20178,"6,692",0,0
20,20179,"1,447",0,0
20,20180,"2,344",1,0
20,20181,453,123,27.2
20,20182,"2,181","1,195",54.8
20,20183,"1,475",635,43.1
20,20184,"159,452","14,665",9.2
20,20185,"8,939","1,362",15.2
20,20186,524,0,0
20,20187,"1,808",0,0
20,20188,"9,609","1,053",11
20,20189,"3,116","1,673",53.7
20,20190,"22,444","9,666",43.1
20,20191,296,4,1.4
20,20192,"1,522",0,0
20,20193,"2,807",0,0
20,20194,"1,372",2,0.1
20,20195,"1,056",26,2.5
20,20196,407,33,8.1
20,20197,"3,288",2,0.1
20,20198,"29,802","10,058",33.7
20,20199,494,198,40.1
20,20200,"3,703","1,672",45.2
20,20201,"1,880","1,188",63.2
20,20202,"4,577","1,831",40
20,20203,"3,538","1,425",40.3
20,20204,634,0,0
20,20205,"16,989","15,253",89.8
20,20206,"2,421",892,36.8
20,20207,"19,032","11,319",59.5
20,20208,"6,941","2,511",36.2
20,20209,607,0,0
20,20210,"5,773","3,562",61.7
20,20211,"3,411","2,854",83.7
20,20212,"3,117","3,117",100
20,20213,"4,203","1,596",38
20,20214,"2,033",809,39.8
20,20215,879,0,0
20,20216,"1,241",0,0
20,20217,"3,325","3,075",92.5
20,20218,544,3,0.6
20,20219,"2,668",2,0.1
20,20220,"2,692","2,210",82.1
20,20221,"1,494",540,36.1
20,20222,"1,426",646,45.3
20,20223,440,440,100
20,20224,643,0,0
20,20225,"5,903","1,784",30.2
20,20226,"2,971",548,18.4
20,20227,"18,339",0,0
20,20228,833,0,0
20,20229,"9,148","7,535",82.4
20,20230,932,450,48.3
20,20231,"3,187","3,187",100
20,20232,"22,185","8,096",36.5
20,20233,"1,720",0,0
20,20234,"7,163","6,694",93.5
20,20235,"3,829","2,774",72.4
20,20236,"1,372",317,23.1
20,20237,"1,568",450,28.7
20,20238,994,0,0
20,20239,"1,000",397,39.7
20,20240,"2,749",922,33.5
20,20241,"1,034",0,0
20,20242,"12,436","8,554",68.8
20,20243,"1,975",24,1.2
20,20244,"3,934","1,782",45.3
20,20245,"1,324",558,42.1
20,20246,611,0,0
20,20247,"1,619",0,0
20,20248,"15,571",847,5.4
20,20249,"3,831",795,20.8
20,20250,"1,239",263,21.2
20,20251,"1,217",122,10
20,20252,"2,384","1,254",52.6
20,20253,"2,021","1,442",71.4
20,20254,"3,207","1,189",37.1
20,20255,"1,977",142,7.2
20,20256,229,9,3.9
20,20257,"1,052",0,0
20,20258,698,167,23.9
20,20259,"2,142",356,16.6
20,20260,"2,191",586,26.7
20,20261,"6,932","3,665",52.9
20,20262,991,26,2.6
20,20263,"3,184","1,103",34.6
20,20264,"2,169",607,28
20,20265,"6,711","3,544",52.8
20,20266,"8,551","4,712",55.1
20,20267,245,0,0
20,20268,"1,149",0,0
20,20269,"4,313",744,17.3
20,20270,"1,311",644,49.1
20,20271,"3,194","2,195",68.7
20,20272,"6,252",156,2.5
20,20273,"3,818","2,322",60.8
20,20274,"1,328",920,69.3
20,20275,"7,286","3,404",46.7
20,20276,691,224,32.4
20,20277,"12,350","5,648",45.7
20,20278,"38,682","15,846",41
20,20279,"2,932",74,2.5
20,20280,"2,011",293,14.6
20,20281,305,0,0
20,20282,653,78,11.9
20,20283,"1,044",474,45.4
20,20284,"3,141",4,0.1
20,20285,"3,668",304,8.3
20,20286,"3,100",416,13.4
20,20287,307,77,25.1
20,20288,585,95,16.2
20,20289,"1,214",0,0
20,20290,"1,043",47,4.5
20,20291,"4,308",503,11.7
20,20292,"1,510","1,200",79.5
20,20293,"17,116",34,0.2
20,20294,"7,035",95,1.4
20,20295,"10,020",1,0
20,20296,955,519,54.3
20,20297,"2,751","1,572",57.1
20,20298,"13,587",332,2.4
20,20299,"1,125",0,0
20,20300,"6,632",797,12
20,20301,"1,594",4,0.3
20,20302,"4,559","1,103",24.2
20,20303,"1,081",0,0
20,20304,716,522,72.9
20,20305,"4,333",45,1
20,20306,"4,654","2,392",51.4
20,20307,"9,735",804,8.3
20,20308,"3,307",0,0
20,20309,"10,368","6,701",64.6
20,20310,"14,552",524,3.6
20,20311,483,19,3.9
20,20312,"11,279","2,457",21.8
20,20313,730,18,2.5
20,20314,"1,755",225,12.8
20,20315,"1,899",0,0
20,20316,738,0,0
20,20317,"1,257",697,55.4
20,20318,"49,780","1,721",3.5
20,20319,972,4,0.4
20,20320,706,174,24.6
20,20321,751,362,48.2
20,20322,786,0,0
20,20323,"2,404","1,080",44.9
20,20324,"48,204","5,048",10.5
20,20325,"11,930","3,622",30.4
20,20326,"5,052","5,052",100
20,20327,"15,479",825,5.3
20,20328,"1,441",3,0.2
20,20329,"1,153",695,60.3
20,20330,"4,296","4,296",100
20,20331,982,36,3.7
20,20332,373,0,0
20,20333,"3,294",38,1.2
20,20334,"50,541","8,120",16.1
20,20335,867,377,43.5
20,20336,"1,697",938,55.3
20,20337,"5,616","2,495",44.4
20,20338,"10,361",0,0
20,20339,"4,353",500,11.5
20,20340,"1,747",170,9.7
20,20341,241,0,0
20,20342,"4,105",0,0
20,20343,"1,999",0,0
20,20344,"2,809",309,11
20,20345,"4,188","1,074",25.6
20,20346,"1,542",26,1.7
20,20347,"4,202",842,20
20,20348,"8,192","2,896",35.4
20,20349,"2,189",241,11
20,20350,"16,878",5,0
20,20351,"2,802",972,34.7
20,20352,"4,940","2,896",58.6
20,20353,"2,406",0,0
20,20354,477,131,27.5
20,20355,681,195,28.6
20,20356,"2,179",0,0
20,20357,848,0,0
20,20358,"1,958",0,0
20,20359,637,0,0
20,20360,"3,981",4,0.1
20,20361,825,0,0
20,20362,"1,495",0,0
20,20363,"2,675",853,31.9
20,20364,"18,654","5,564",29.8
20,20365,"1,059",876,82.7
20,20366,"3,676",693,18.9
20,20367,"4,582",0,0
20,20368,"2,067",0,0
20,20369,"2,193",0,0
20,20370,662,315,47.6
20,20371,986,0,0
20,20372,"1,316",507,38.5
20,20373,403,116,28.8
20,20374,"1,645",0,0
20,20375,"13,200",0,0
20,20376,365,0,0
20,20377,"10,860","9,066",83.5
20,20378,"3,720",20,0.5
20,20379,"2,951","1,320",44.7
20,20380,"2,242",0,0
20,20381,"2,940",0,0
20,20382,"1,182",553,46.8
20,20383,595,323,54.3
20,20384,"4,794",790,16.5
20,20385,"100,402","1,127",1.1
20,20386,"19,079","17,820",93.4
20,20387,"2,891",344,11.9
20,20388,"2,809","1,292",46
20,20389,908,0,0
20,20390,"50,362",0,0
20,20391,"3,375","1,504",44.6
20,20392,"6,726","5,197",77.3
20,20393,"4,173",69,1.7
20,20394,"2,796",669,23.9
20,20395,"1,629",644,39.5
20,20396,"3,259",466,14.3
20,20397,"40,123","5,380",13.4
20,20398,"4,874",35,0.7
20,20399,"41,921",512,1.2
20,20400,"1,713",1,0.1
20,20401,"27,046","5,022",18.6
20,20402,"1,067",0,0
20,20403,"3,751",53,1.4
20,20404,761,262,34.4
20,20405,"1,815",440,24.2
20,20406,"21,469","17,708",82.5
20,20407,"9,578","5,063",52.9
20,20408,499,102,20.4
20,20409,"8,939",0,0
20,20410,"3,418","2,637",77.2
20,20411,908,0,0
20,20412,"3,178",860,27.1
20,20413,"50,862","3,363",6.6
20,20414,"11,995",320,2.7
20,20415,"4,878",250,5.1
20,20416,461,13,2.8
20,20417,"9,682","3,779",39
20,20418,"11,735",837,7.1
20,20419,592,0,0
20,20420,"1,679",431,25.7
20,20421,"4,690",11,0.2
20,20422,603,173,28.7
20,20423,453,398,87.9
20,20424,"3,793","2,733",72.1
20,20425,"2,058",629,30.6
20,20426,"8,967","7,534",84
20,20427,"16,706","1,125",6.7
20,20428,"2,224","1,226",55.1
20,20429,"1,516",49,3.2
20,20430,317,11,3.5
20,20431,"1,830",181,9.9
20,20432,903,903,100
20,20433,"2,694","1,228",45.6
20,20434,"3,985","2,895",72.6
20,20435,"3,576","1,959",54.8
20,20436,896,14,1.6
20,20437,"9,653","5,556",57.6
20,20438,"1,839","1,839",100
20,20439,"25,347","6,426",25.4
20,20440,812,0,0
20,20441,"9,234",12,0.1
20,20442,250,0,0
20,20443,434,0,0
20,20444,481,175,36.4
20,20445,"1,699","1,404",82.6
20,20446,"6,008","4,399",73.2
20,20447,"17,100","3,790",22.2
20,20448,"2,469","2,469",100
20,20449,"3,294","1,476",44.8
20,20450,"13,855","13,855",100
20,20451,"1,019",749,73.5
20,20452,"4,421",0,0
20,20453,"3,918",2,0.1
20,20454,"3,556","2,031",57.1
20,20455,"2,904",811,27.9
20,20456,"1,667",0,0
20,20457,"3,346","3,346",100
20,20458,"1,157",0,0
20,20459,"4,877","1,169",24
20,20460,"5,242","2,392",45.6
20,20461,527,207,39.3
20,20462,"4,600",656,14.3
20,20463,525,351,66.9
20,20464,341,15,4.4
20,20465,"1,636",167,10.2
20,20466,"13,880","8,082",58.2
20,20467,"19,112","2,913",15.2
20,20468,"14,198","10,922",76.9
20,20469,"34,735","12,744",36.7
20,20470,"4,394","2,603",59.2
20,20471,431,9,2.1
20,20472,"3,361",1,0
20,20473,"1,291",212,16.4
20,20474,"3,440",609,17.7
20,20475,"10,175",786,7.7
20,20476,421,0,0
20,20477,"1,327",870,65.6
20,20478,"1,599",602,37.6
20,20479,174,18,10.3
20,20480,"1,351",673,49.8
20,20481,"1,898","1,540",81.1
20,20482,"55,840","2,001",3.6
20,20483,"10,886",0,0
20,20484,"4,458",925,20.7
20,20485,"3,134","1,444",46.1
20,20486,"2,419",127,5.3
20,20487,"1,966",766,39
20,20488,130,32,24.6
20,20489,"4,909","3,311",67.4
20,20490,"2,974","2,226",74.8
20,20491,"4,930","4,930",100
20,20492,"2,764","1,596",57.7
20,20493,545,0,0
20,20494,"6,300","5,524",87.7
20,20495,"3,029","2,197",72.5
20,20496,"1,893",278,14.7
20,20497,"4,233",0,0
20,20498,"7,593","4,041",53.2
20,20499,"1,922",28,1.5
20,20500,"7,991","4,822",60.3
20,20501,998,3,0.3
20,20502,"5,089","1,635",32.1
20,20503,425,0,0
20,20504,"1,590",350,22
20,20505,"7,681",12,0.2
20,20506,798,3,0.4
20,20507,"3,155",604,19.1
20,20508,"1,618",20,1.2
20,20509,"11,384","6,426",56.4
20,20510,760,235,30.9
20,20511,"3,335","3,070",92.1
20,20512,"1,101",14,1.3
20,20513,"9,027","2,735",30.3
20,20514,941,941,100
20,20515,"67,739","4,312",6.4
20,20516,"5,260",678,12.9
20,20517,"6,029","2,895",48
20,20518,113,0,0
20,20519,"3,386",0,0
20,20520,"7,393","2,734",37
20,20521,250,182,72.8
20,20522,"1,205",175,14.5
20,20523,"1,633",199,12.2
20,20524,327,0,0
20,20525,"12,483",459,3.7
20,20526,"16,688","7,756",46.5
20,20527,"2,490",567,22.8
20,20528,904,19,2.1
20,20529,"1,474",559,37.9
20,20530,"3,923","2,580",65.8
20,20531,"2,612",0,0
20,20532,"4,066","2,122",52.2
20,20533,"2,726",450,16.5
20,20534,"3,512",154,4.4
20,20535,"3,227","1,629",50.5
20,20536,449,117,26.1
20,20537,"6,710","2,088",31.1
20,20538,713,0,0
20,20539,"6,348",0,0
20,20540,"8,326",486,5.8
20,20541,"1,558",596,38.3
20,20542,887,0,0
20,20543,"6,386",613,9.6
20,20544,"1,032",137,13.3
20,20545,"10,099",312,3.1
20,20546,"6,392",0,0
20,20547,"1,005",282,28.1
20,20548,"1,960",402,20.5
20,20549,"11,465","1,529",13.3
20,20550,"5,764",0,0
20,20551,"30,254",526,1.7
20,20552,410,0,0
20,20553,"12,067",16,0.1
20,20554,"5,904","3,043",51.5
20,20555,"3,419",0,0
20,20556,306,0,0
20,20557,"14,542",25,0.2
20,20558,"1,376",0,0
20,20559,"23,067","9,423",40.9
20,20560,"6,467",472,7.3
20,20561,"2,954",0,0
20,20562,"1,682",0,0
20,20563,"1,245",20,1.6
20,20564,"1,195",118,9.9
20,20565,"46,464",0,0
20,20566,"3,144","2,309",73.4
20,20567,"3,382","1,739",51.4
20,20568,"1,695",0,0
20,20569,"1,454",779,53.6
20,20570,"22,093","3,506",15.9
21,21001,"72,894",367,0.5
21,21002,"9,170","1,293",14.1
21,21003,"37,955","3,790",10
21,21004,"63,743",61,0.1
21,21005,"3,070",673,21.9
21,21006,"14,542","4,736",32.6
21,21007,"3,162",869,27.5
21,21008,"11,439","1,096",9.6
21,21009,"2,207",402,18.2
21,21010,"74,768","16,959",22.7
21,21011,"1,885",54,2.9
21,21012,"6,591",470,7.1
21,21013,"22,629",0,0
21,21014,"4,812",527,11
21,21015,"125,876","1,733",1.4
21,21016,"9,021",924,10.2
21,21017,"29,742",0,0
21,21018,"3,859","1,585",41.1
21,21019,"141,793","2,735",1.9
21,21020,"7,704",0,0
21,21021,"1,512",0,0
21,21022,"12,857",403,3.1
21,21023,"9,051","1,171",12.9
21,21024,976,116,11.9
21,21025,"8,208","2,321",28.3
21,21026,"15,271",2,0
21,21027,"4,128","2,031",49.2
21,21028,"2,758",188,6.8
21,21029,"3,811",0,0
21,21030,772,0,0
21,21031,"2,820",9,0.3
21,21032,"1,382",32,2.3
21,21033,"5,403","1,075",19.9
21,21034,"46,836","1,361",2.9
21,21035,"20,653","5,711",27.7
21,21036,"14,806","10,614",71.7
21,21037,"2,334",0,0
21,21038,"10,542",0,0
21,21039,"9,837","5,538",56.3
21,21040,"12,340",41,0.3
21,21041,"137,435",857,0.6
21,21042,"3,315","1,282",38.7
21,21043,"49,864","18,665",37.4
21,21044,"17,139","3,011",17.6
21,21045,"47,410",0,0
21,21046,"8,193",257,3.1
21,21047,"21,699","1,562",7.2
21,21048,"22,039",40,0.2
21,21049,"17,382","10,519",60.5
21,21050,"26,928","11,224",41.7
21,21051,"37,030",92,0.2
21,21052,"1,215",0,0
21,21053,"66,464","9,058",13.6
21,21054,"35,223",974,2.8
21,21055,"5,082",354,7
21,21056,"1,317",0,0
21,21057,"6,687","1,480",22.1
21,21058,"21,002","2,357",11.2
21,21059,"2,846",246,8.6
21,21060,"7,982",29,0.4
21,21061,"14,461","6,822",47.2
21,21062,"4,943",71,1.4
21,21063,"14,766",0,0
21,21064,"17,824","5,224",29.3
21,21065,"22,694",1,0
21,21066,"6,451","2,332",36.1
21,21067,"18,784",8,0
21,21068,"7,011","5,399",77
21,21069,"29,233",544,1.9
21,21070,"6,111",934,15.3
21,21071,"103,946","7,619",7.3
21,21072,"17,082","9,161",53.6
21,21073,"9,760",256,2.6
21,21074,"90,794",835,0.9
21,21075,"13,080",713,5.5
21,21076,"27,600","10,497",38
21,21077,"5,951","3,812",64.1
21,21078,"15,928","7,061",44.3
21,21079,"5,782",0,0
21,21080,"2,633",0,0
21,21081,"4,065","1,501",36.9
21,21082,"8,804",237,2.7
21,21083,"25,319","9,201",36.3
21,21084,"6,950",764,11
21,21085,"82,809","2,998",3.6
21,21086,"12,050","1,958",16.2
21,21087,"13,308",608,4.6
21,21088,"4,457","1,162",26.1
21,21089,"12,131","5,127",42.3
21,21090,"23,783",43,0.2
21,21091,"9,828",73,0.7
21,21092,"5,293",474,9
21,21093,"7,650",234,3.1
21,21094,"37,257",667,1.8
21,21095,650,3,0.5
21,21096,"3,176",194,6.1
21,21097,"2,668",0,0
21,21098,"6,668",2,0
21,21099,"20,659",467,2.3
21,21100,"9,310","1,399",15
21,21101,"3,317",0,0
21,21102,"14,075",0,0
21,21103,"6,644",317,4.8
21,21104,"32,772",65,0.2
21,21105,"5,077","1,595",31.4
21,21106,"42,669",254,0.6
21,21107,"11,993","7,163",59.7
21,21108,"19,903",15,0.1
21,21109,"20,274","4,298",21.2
21,21110,"50,226",325,0.6
21,21111,"18,528","3,951",21.3
21,21112,"9,350","3,275",35
21,21113,"4,627",252,5.4
21,21114,"1,692,181","5,441",0.3
21,21115,"57,992",75,0.1
21,21116,"22,855","11,215",49.1
21,21117,"15,952",0,0
21,21118,"30,021",0,0
21,21119,"154,448",0,0
21,21120,"5,938",705,11.9
21,21121,"1,270",656,51.7
21,21122,"11,063",2,0
21,21123,"3,793","2,710",71.4
21,21124,"15,954",0,0
21,21125,"9,671",0,0
21,21126,"6,597",0,0
21,21127,"3,606",425,11.8
21,21128,"10,443",4,0
21,21129,"14,018",0,0
21,21130,"3,604",39,1.1
21,21131,975,0,0
21,21132,"155,738",0,0
21,21133,692,0,0
21,21134,"20,974",0,0
21,21135,526,2,0.4
21,21136,"12,461",0,0
21,21137,"10,464",21,0.2
21,21138,"11,780",0,0
21,21139,"3,759",776,20.6
21,21140,"138,433",0,0
21,21141,"3,488",21,0.6
21,21142,"30,639",242,0.8
21,21143,"34,880",49,0.1
21,21144,"16,790",97,0.6
21,21145,"13,189","9,581",72.6
21,21146,749,0,0
21,21147,"6,341","1,075",17
21,21148,"11,498",0,0
21,21149,"30,309","1,448",4.8
21,21150,"6,105","1,168",19.1
21,21151,"9,315",0,0
21,21152,"12,631",0,0
21,21153,"23,625",0,0
21,21154,"80,771",29,0
21,21155,"6,830","1,654",24.2
21,21156,"327,312","2,733",0.8
21,21157,"12,672","1,142",9
21,21158,"6,743","1,765",26.2
21,21159,"3,836",937,24.4
21,21160,"3,689",0,0
21,21161,"22,218",94,0.4
21,21162,"4,155",0,0
21,21163,"18,854",5,0
21,21164,"84,270",234,0.3
21,21165,"1,216",399,32.8
21,21166,"8,918",425,4.8
21,21167,"10,373","4,863",46.9
21,21168,"7,523",248,3.3
21,21169,"22,331","3,099",13.9
21,21170,"19,200",40,0.2
21,21171,"3,851",0,0
21,21172,"27,216","7,450",27.4
21,21173,"6,653",0,0
21,21174,"103,583",460,0.4
21,21175,"14,432",0,0
21,21176,"9,664",0,0
21,21177,"54,757","4,438",8.1
21,21178,"15,977","11,867",74.3
21,21179,"31,639",247,0.8
21,21180,"41,547",9,0
21,21181,"7,425",0,0
21,21182,"5,390",0,0
21,21183,"20,433","7,529",36.8
21,21184,"6,422",778,12.1
21,21185,"10,344",0,0
21,21186,"55,576","8,098",14.6
21,21187,"4,934","2,964",60.1
21,21188,"19,315","2,633",13.6
21,21189,"22,454",10,0
21,21190,"1,187",0,0
21,21191,"9,871",902,9.1
21,21192,"5,924",665,11.2
21,21193,"6,476",117,1.8
21,21194,"28,395","1,010",3.6
21,21195,"26,559","8,419",31.7
21,21196,"1,570",139,8.9
21,21197,"80,591","7,800",9.7
21,21198,"1,312",0,0
21,21199,"42,943","7,249",16.9
21,21200,"3,443","1,491",43.3
21,21201,"3,375","1,509",44.7
21,21202,"13,025","3,587",27.5
21,21203,"7,178",270,3.8
21,21204,"7,926",169,2.1
21,21205,"26,392",58,0.2
21,21206,"4,647",526,11.3
21,21207,"57,887","6,083",10.5
21,21208,"87,361","10,913",12.5
21,21209,"8,595",924,10.8
21,21210,"5,675",0,0
21,21211,"16,752",0,0
21,21212,"20,717","3,064",14.8
21,21213,"11,967","6,068",50.7
21,21214,"18,359",0,0
21,21215,"4,539",106,2.3
21,21216,"2,452",217,8.8
21,21217,"20,335","8,478",41.7
22,22001,"66,841","13,428",20.1
22,22002,"27,365","12,872",47
22,22003,"13,142","3,286",25
22,22004,"69,075","8,999",13
22,22005,"67,121","1,855",2.8
22,22006,"212,567",0,0
22,22007,"45,141",173,0.4
22,22008,"36,808","2,007",5.5
22,22009,"27,343","3,693",13.5
22,22010,"18,794","5,049",26.9
22,22011,"231,668","1,215",0.5
22,22012,"77,404","1,174",1.5
22,22013,"19,141","6,097",31.9
22,22014,"1,049,777",931,0.1
22,22015,"8,359","3,550",42.5
22,22016,"297,804","7,647",2.6
22,22017,"72,201",9,0
22,22018,"27,916",838,3
23,23001,"88,626",0,0
23,23002,"83,990","2,482",3
23,23003,"22,686","14,834",65.4
23,23004,"233,648","2,899",1.2
23,23005,"911,503",23,0
23,23006,"39,165","1,086",2.8
23,23007,"29,171","2,095",7.2
23,23008,"333,800","3,214",1
23,23009,"46,721",512,1.1
23,23010,"41,754","1,599",3.8
23,23011,"26,921",45,0.2
24,24001,"18,974","2,299",12.1
24,24002,"7,785","1,017",13.1
24,24003,"48,359","7,634",15.8
24,24004,"4,013",391,9.7
24,24005,"18,317",735,4
24,24006,"9,579","3,361",35.1
24,24007,"19,840",826,4.2
24,24008,"22,075","1,022",4.6
24,24009,"5,050",0,0
24,24010,"30,320","2,853",9.4
24,24011,"48,106",156,0.3
24,24012,"20,300","2,025",10
24,24013,"179,371","7,644",4.3
24,24014,"15,660","4,924",31.4
24,24015,"21,814","2,876",13.2
24,24016,"40,899",840,2.1
24,24017,"25,119","3,418",13.6
24,24018,"15,334","1,305",8.5
24,24019,"5,453","1,033",18.9
24,24020,"102,199",492,0.5
24,24021,"58,469",825,1.4
24,24022,"19,036","1,631",8.6
24,24023,"15,301","1,023",6.7
24,24024,"97,943","6,027",6.2
24,24025,"31,107","2,225",7.2
24,24026,"9,382",181,1.9
24,24027,"10,215",823,8.1
24,24028,"911,908",709,0.1
24,24029,"18,468",649,3.5
24,24030,"4,779",208,4.4
24,24031,"12,163","6,040",49.7
24,24032,"39,880","5,487",13.8
24,24033,"10,785",915,8.5
24,24034,"14,945","1,394",9.3
24,24035,"332,072",9,0
24,24036,"29,184","7,298",25
24,24037,"95,037","2,587",2.7
24,24038,"14,348",766,5.3
24,24039,"13,603","1,163",8.5
24,24040,"36,968","3,093",8.4
24,24041,"18,208","2,025",11.1
24,24042,"13,448",11,0.1
24,24043,"7,966",894,11.2
24,24044,"7,557","2,152",28.5
24,24045,"14,188","1,060",7.5
24,24046,"18,206",401,2.2
24,24047,"9,277","2,851",30.7
24,24048,"5,298",576,10.9
24,24049,"38,389","1,438",3.7
24,24050,"52,912","2,682",5.1
24,24051,"15,458",146,0.9
24,24052,"10,304","1,039",10.1
24,24053,"32,544",349,1.1
24,24054,"49,741","14,490",29.1
24,24055,"27,386","1,119",4.1
24,24056,"17,258",514,3
24,24057,"28,996","1,556",5.4
24,24058,"20,959","1,305",6.2
25,25001,"459,310","4,246",0.9
25,25002,"44,093",562,1.3
25,25003,"26,542","14,848",55.9
25,25004,"24,899","1,997",8
25,25005,"17,012","5,474",32.2
25,25006,"1,003,530","12,767",1.3
25,25007,"29,334","10,824",36.9
25,25008,"55,339","2,858",5.2
25,25009,"59,988",366,0.6
25,25010,"96,593","18,723",19.4
25,25011,"289,370","5,705",2
25,25012,"501,441","1,818",0.4
25,25013,"40,358","7,834",19.4
25,25014,"52,345","3,762",7.2
25,25015,"79,492","1,268",1.6
25,25016,"19,505","2,594",13.3
25,25017,"78,670","23,593",30
25,25018,"149,122",877,0.6
26,26001,"2,563",3,0.1
26,26002,"91,929",626,0.7
26,26003,"24,976","9,104",36.5
26,26004,"9,492",152,1.6
26,26005,"1,177",394,33.5
26,26006,"2,788",365,13.1
26,26007,626,3,0.5
26,26008,979,979,100
26,26009,759,256,33.7
26,26010,"1,221","1,221",100
26,26011,"1,475",49,3.3
26,26012,"23,151",670,2.9
26,26013,"1,825",1,0.1
26,26014,"3,191",20,0.6
26,26015,"1,169","1,169",100
26,26016,"4,988",60,1.2
26,26017,"89,122","5,829",6.5
26,26018,"436,484","2,058",0.5
26,26019,"39,451",416,1.1
26,26020,"4,946",375,7.6
26,26021,"1,848",552,29.9
26,26022,863,125,14.5
26,26023,"5,829",442,7.6
26,26024,753,0,0
26,26025,"51,431","2,116",4.1
26,26026,"61,309","3,885",6.3
26,26027,"9,041",225,2.5
26,26028,"1,009","1,009",100
26,26029,"156,863","3,440",2.2
26,26030,"936,263","5,595",0.6
26,26031,"1,186","1,186",100
26,26032,888,888,100
26,26033,"77,682","4,355",5.6
26,26034,943,1,0.1
26,26035,"12,536",133,1.1
26,26036,"33,049",72,0.2
26,26037,"1,101",29,2.6
26,26038,"5,173",73,1.4
26,26039,"5,774",43,0.7
26,26040,"1,531","1,531",100
26,26041,"14,369",77,0.5
26,26042,"164,387","13,177",8
26,26043,"264,782",197,0.1
26,26044,365,15,4.1
26,26045,"2,438",548,22.5
26,26046,496,6,1.2
26,26047,"9,122",637,7
26,26048,"62,689",262,0.4
26,26049,"3,090","1,360",44
26,26050,"1,496",188,12.6
26,26051,"4,830","1,472",30.5
26,26052,"5,257",896,17
26,26053,369,0,0
26,26054,537,531,98.9
26,26055,"199,021",499,0.3
26,26056,"10,729",132,1.2
26,26057,"1,458",257,17.6
26,26058,"16,203",541,3.3
26,26059,"1,835",983,53.6
26,26060,"2,058","1,052",51.1
26,26061,"1,368",692,50.6
26,26062,"1,114",40,3.6
26,26063,"1,178",50,4.2
26,26064,"1,381",79,5.7
26,26065,"1,473",83,5.6
26,26066,"8,548",576,6.7
26,26067,"1,429","1,429",100
26,26068,"1,043",44,4.2
26,26069,"4,793","1,866",38.9
26,26070,"13,627",425,3.1
26,26071,"21,692",54,0.2
26,26072,"14,279",835,5.8
27,27001,"58,524","14,687",25.1
27,27002,"243,229","2,743",1.1
27,27003,"107,731","6,920",6.4
27,27004,"683,607","5,723",0.8
27,27005,"214,877",0,0
27,27006,"137,257",342,0.2
27,27007,"32,181","1,023",3.2
27,27008,"190,885","11,558",6.1
27,27009,"37,749",810,2.1
27,27010,"91,185",0,0
27,27011,"30,798","9,057",29.4
27,27012,"158,601","15,441",9.7
27,27013,"150,300",103,0.1
27,27014,"96,741",0,0
27,27015,"47,905","7,506",15.7
27,27016,"58,718",853,1.5
27,27017,"62,310","10,718",17.2
28,28001,"9,822",48,0.5
28,28002,"28,725","6,043",21
28,28003,"269,790","2,875",1.1
28,28004,"8,850","1,602",18.1
28,28005,"4,256","1,282",30.1
28,28006,"7,542","5,331",70.7
28,28007,"16,546",191,1.2
28,28008,"4,143","1,746",42.1
28,28009,"205,933",0,0
28,28010,"1,671",385,23
28,28011,"8,288",853,10.3
28,28012,"41,470","4,967",12
28,28013,"15,032","2,289",15.2
28,28014,"3,803",256,6.7
28,28015,"15,677",228,1.5
28,28016,"17,012","1,931",11.4
28,28017,"15,994","4,413",27.6
28,28018,"6,375",180,2.8
28,28019,"14,645","2,167",14.8
28,28020,"2,048",282,13.8
28,28021,"106,144","10,018",9.4
28,28022,"541,979","5,333",1
28,28023,"4,280","1,246",29.1
28,28024,"6,385",73,1.1
28,28025,"26,237",286,1.1
28,28026,"3,704",319,8.6
28,28027,"425,058",93,0
28,28028,"3,810",308,8.1
28,28029,"13,190","2,643",20
28,28030,"13,618",156,1.1
28,28031,"1,917",2,0.1
28,28032,"704,767","1,275",0.2
28,28033,"132,484","3,823",2.9
28,28034,"7,411","3,885",52.4
28,28035,"51,405","2,294",4.5
28,28036,926,673,72.7
28,28037,"23,673","4,689",19.8
28,28038,"297,562",189,0.1
28,28039,"28,230","8,832",31.3
28,28040,"60,055","2,296",3.8
28,28041,"349,688","2,323",0.7
28,28042,"5,361","1,459",27.2
28,28043,"22,229","2,991",13.5
29,29001,"11,403",0,0
29,29002,"16,003",0,0
29,29003,"7,087",518,7.3
29,29004,"18,111",218,1.2
29,29005,"80,725","1,129",1.4
29,29006,"51,172",231,0.5
29,29007,"17,332",0,0
29,29008,"16,222",62,0.4
29,29009,"5,928",0,0
29,29010,"73,215",0,0
29,29011,"4,755",0,0
29,29012,"9,416",79,0.8
29,29013,"98,764",118,0.1
29,29014,"15,190",15,0.1
29,29015,"38,970",40,0.1
29,29016,"7,504",9,0.1
29,29017,"11,592",3,0
29,29018,"38,579",0,0
29,29019,"22,274",0,0
29,29020,"9,432",7,0.1
29,29021,"18,686",297,1.6
29,29022,"6,432",0,0
29,29023,"26,309",0,0
29,29024,"28,357",159,0.6
29,29025,"82,688",62,0.1
29,29026,"24,116",0,0
29,29027,"12,974",0,0
29,29028,"25,257",28,0.1
29,29029,"13,328",0,0
29,29030,"15,475",135,0.9
29,29031,"35,284",4,0
29,29032,"13,561",0,0
29,29033,"99,896",0,0
29,29034,"45,438","1,849",4.1
29,29035,"6,294",0,0
29,29036,"22,529",0,0
29,29037,"9,207",0,0
29,29038,"18,006",0,0
29,29039,"25,607",0,0
29,29040,"10,601",0,0
29,29041,"33,499",10,0
29,29042,"14,197",0,0
29,29043,"42,242",17,0
29,29044,"45,717",0,0
29,29045,"6,211",0,0
29,29046,"4,951",110,2.2
29,29047,"3,534",0,0
29,29048,"19,036",0,0
29,29049,"5,884",0,0
29,29050,"11,761",0,0
29,29051,"4,092",0,0
29,29052,"6,436",0,0
29,29053,"7,688",0,0
29,29054,"5,689",0,0
29,29055,"3,077",0,0
29,29056,"7,952",0,0
29,29057,"4,636",0,0
29,29058,"9,463",5,0.1
29,29059,"7,750",0,0
29,29060,"5,443",0,0
30,30001,"9,701","1,847",19
30,30002,"3,441",0,0
30,30003,"80,815","1,237",1.5
30,30004,"41,742","1,178",2.8
30,30005,"5,253","1,089",20.7
30,30006,"23,100","2,211",9.6
30,30007,"6,538",800,12.2
30,30008,"10,338","1,111",10.7
30,30009,"28,184","4,745",16.8
30,30010,"64,234","12,288",19.1
30,30011,"57,035","1,391",2.4
30,30012,"7,866","1,073",13.6
30,30013,"26,843","1,651",6.2
30,30014,"46,955","1,099",2.3
30,30015,"33,839","8,854",26.2
30,30016,"28,682",25,0.1
30,30017,"4,709",0,0
30,30018,"1,978",406,20.5
30,30019,"6,909","3,566",51.6
30,30020,"11,577","2,183",18.9
30,30021,"23,461","1,140",4.9
30,30022,"22,651","2,562",11.3
30,30023,"49,180","11,855",24.1
30,30024,"16,485",828,5
30,30025,"27,217","4,806",17.7
30,30026,"25,993",7,0
30,30027,"16,120","7,892",49
30,30028,"144,550",0,0
30,30029,"13,701","2,652",19.4
30,30030,"41,835",0,0
30,30031,"18,888","3,277",17.3
30,30032,"49,451","8,125",16.4
30,30033,"24,421","5,203",21.3
30,30034,"25,011",936,3.7
30,30035,"11,165",557,5
30,30036,"11,018","1,056",9.6
30,30037,"8,176",10,0.1
30,30038,"93,911",764,0.8
30,30039,"310,698",6,0
30,30040,"55,016","1,915",3.5
30,30041,"2,355",0,0
30,30042,"5,743","2,791",48.6
30,30043,"19,876",754,3.8
30,30044,"204,721","2,003",1
30,30045,"54,737","1,094",2
30,30046,"16,167","3,342",20.7
30,30047,"59,471","10,944",18.4
30,30048,"130,903",91,0.1
30,30049,"22,050","1,943",8.8
30,30050,"16,333","3,559",21.8
30,30051,"23,096","7,976",34.5
30,30052,"11,869",0,0
30,30053,"28,075",12,0
30,30054,"11,461","3,622",31.6
30,30055,"13,527","1,677",12.4
30,30056,"6,610","3,684",55.7
30,30057,"13,881","8,091",58.3
30,30058,"53,858","33,112",61.5
30,30059,"22,638",345,1.5
30,30060,"16,283","1,521",9.3
30,30061,"81,080","22,680",28
30,30062,"20,839",273,1.3
30,30063,"13,359","2,715",20.3
30,30064,"4,008",562,14
30,30065,"85,489",338,0.4
30,30066,"26,830","2,737",10.2
30,30067,"19,179","1,254",6.5
30,30068,"66,372",8,0
30,30069,"24,085","1,761",7.3
30,30070,"18,275","14,054",76.9
30,30071,"59,920","3,005",5
30,30072,"21,796","8,269",37.9
30,30073,"41,670","15,088",36.2
30,30074,"7,293",0,0
30,30075,"16,525","3,420",20.7
30,30076,"13,377","10,273",76.8
30,30077,"42,807","10,335",24.1
30,30078,"12,379","2,600",21
30,30079,"11,387","4,073",35.8
30,30080,"23,132","4,811",20.8
30,30081,"27,295",0,0
30,30082,"15,831",171,1.1
30,30083,"50,836","26,811",52.7
30,30084,"5,574",512,9.2
30,30085,"74,004",345,0.5
30,30086,"46,794","7,295",15.6
30,30087,"488,531",799,0.2
30,30088,"5,054","1,860",36.8
30,30089,"38,669","2,052",5.3
30,30090,"11,132",0,0
30,30091,"28,524","11,720",41.1
30,30092,"39,623","4,659",11.8
30,30093,"16,585",36,0.2
30,30094,"38,367","10,207",26.6
30,30095,"15,059","4,488",29.8
30,30096,"1,543",5,0.3
30,30097,"19,123",111,0.6
30,30098,"3,299",0,0
30,30099,"18,327",171,0.9
30,30100,"23,918",180,0.8
30,30101,"38,670",320,0.8
30,30102,"108,842",101,0.1
30,30103,"12,799","5,195",40.6
30,30104,"17,134","3,450",20.1
30,30105,"95,202",396,0.4
30,30106,"4,841",177,3.7
30,30107,"2,934","2,715",92.5
30,30108,"144,776","19,384",13.4
30,30109,"65,761","9,790",14.9
30,30110,"12,125","5,359",44.2
30,30111,"16,493",85,0.5
30,30112,"22,835",0,0
30,30113,"4,614",5,0.1
30,30114,"10,130","1,326",13.1
30,30115,"37,314",277,0.7
30,30116,"17,027",526,3.1
30,30117,"23,773","2,258",9.5
30,30118,"123,182",67,0.1
30,30119,"5,651",0,0
30,30120,"10,343",0,0
30,30121,"22,756","9,224",40.5
30,30122,"18,051","1,449",8
30,30123,"96,185","21,582",22.4
30,30124,"159,910","14,685",9.2
30,30125,"31,894","7,106",22.3
30,30126,"33,442",379,1.1
30,30127,"28,258","2,620",9.3
30,30128,"77,432",236,0.3
30,30129,"18,053","3,048",16.9
30,30130,"39,327","14,011",35.6
30,30131,"189,457",0,0
30,30132,"20,300","2,099",10.3
30,30133,"57,909","2,333",4
30,30134,"23,544",967,4.1
30,30135,"24,127",361,1.5
30,30136,"8,343",0,0
30,30137,"6,308","3,380",53.6
30,30138,"41,795",2,0
30,30139,"6,126",914,14.9
30,30140,"3,134",215,6.9
30,30141,"162,428","8,913",5.5
30,30142,"32,631","8,032",24.6
30,30143,"57,085","13,953",24.4
30,30144,"32,400","6,403",19.8
30,30145,"16,574",730,4.4
30,30146,"3,925",0,0
30,30147,"24,578","1,149",4.7
30,30148,"28,130","3,905",13.9
30,30149,"34,385","3,931",11.4
30,30150,"11,631","3,197",27.5
30,30151,"21,902","8,781",40.1
30,30152,"11,561","3,501",30.3
30,30153,"5,795",463,8
30,30154,"11,991","4,842",40.4
30,30155,"99,959","37,644",37.7
30,30156,"6,041","3,619",59.9
30,30157,"20,145","5,906",29.3
30,30158,"24,551","3,521",14.3
30,30159,"29,686","14,907",50.2
30,30160,"107,270","18,939",17.7
30,30161,"34,408","13,067",38
30,30162,"6,448",385,6
30,30163,"5,040",932,18.5
30,30164,"16,957",9,0.1
30,30165,"8,925",405,4.5
30,30166,"9,405","1,395",14.8
30,30167,"14,619","2,946",20.2
30,30168,"16,343","8,703",53.3
30,30169,"22,709","6,067",26.7
30,30170,"10,824","8,891",82.1
30,30171,"5,575","1,837",33
30,30172,"19,925","5,293",26.6
30,30173,"54,537","18,772",34.4
30,30174,"95,602","15,640",16.4
30,30175,"92,726","4,555",4.9
30,30176,"4,489",77,1.7
30,30177,"11,685","1,740",14.9
30,30178,"12,898","3,297",25.6
30,30179,"4,284",0,0
30,30180,"10,900","6,381",58.5
30,30181,"37,795","7,057",18.7
30,30182,"19,664",99,0.5
30,30183,"61,377",526,0.9
30,30184,"7,933","4,089",51.5
30,30185,"5,548",9,0.2
30,30186,"7,197",0,0
30,30187,"6,105",483,7.9
30,30188,"17,217",354,2.1
30,30189,"154,600","4,989",3.2
30,30190,"2,258",0,0
30,30191,"30,097",21,0.1
30,30192,"20,204",510,2.5
30,30193,"607,209",0,0
30,30194,"12,492",0,0
30,30195,"5,900",711,12.1
30,30196,"17,902",218,1.2
30,30197,"11,205","2,308",20.6
30,30198,"6,788","4,323",63.7
30,30199,"11,899",348,2.9
30,30200,"12,581",565,4.5
30,30201,"45,028","22,208",49.3
30,30202,"14,644","6,724",45.9
30,30203,"14,524","5,698",39.2
30,30204,"44,104",996,2.3
30,30205,"19,402","4,683",24.1
30,30206,"29,209",0,0
30,30207,"44,978","5,395",12
30,30208,"23,376","2,009",8.6
30,30209,"15,044","1,769",11.8
30,30210,"30,891","15,798",51.1
30,30211,"30,351","1,541",5.1
30,30212,"13,062","6,460",49.5
31,31001,"6,550",0,0
31,31002,"16,772",0,0
31,31003,"12,285",0,0
31,31004,"6,195",0,0
31,31005,"2,167",0,0
31,31006,"9,159",6,0.1
31,31007,"7,490",0,0
31,31008,"3,949",3,0.1
31,31009,"4,466",1,0
31,31010,"2,755",6,0.2
31,31011,"8,389",19,0.2
31,31012,"3,736",17,0.5
31,31013,"16,671",0,0
31,31014,"1,714",0,0
31,31015,"5,560",2,0
31,31016,"3,104",244,7.9
31,31017,"4,686",208,4.4
31,31018,"3,385",6,0.2
31,31019,"38,934",120,0.3
31,31020,"4,497",1,0
31,31021,"9,406",133,1.4
31,31022,"4,363",26,0.6
31,31023,"4,863",4,0.1
31,31024,"3,244",2,0.1
31,31025,"6,003",0,0
31,31026,"3,622",0,0
31,31027,"8,345",1,0
31,31028,"2,936",6,0.2
31,31029,"6,240",13,0.2
31,31030,"4,015",0,0
31,31031,"2,818",0,0
31,31032,"16,779",17,0.1
31,31033,"21,255",0,0
31,31034,"6,514",0,0
31,31035,"6,384",0,0
31,31036,"8,090",11,0.1
31,31037,"5,250",0,0
31,31038,"35,137",1,0
31,31039,"4,186",2,0
31,31040,"28,555",5,0
31,31041,"141,939",0,0
31,31042,"5,553",1,0
31,31043,"3,405",27,0.8
31,31044,"7,530",0,0
31,31045,"2,677",0,0
31,31046,"3,296",0,0
31,31047,"5,968",0,0
31,31048,"23,991",3,0
31,31049,"3,965",7,0.2
31,31050,"995,129",725,0.1
31,31051,"3,430",0,0
31,31052,"37,804",0,0
31,31053,"13,494",0,0
31,31054,"2,990",0,0
31,31055,"7,080",0,0
31,31056,"33,854",3,0
31,31057,"7,766",32,0.4
31,31058,"25,954",175,0.7
31,31059,"66,008",2,0
31,31060,976,0,0
31,31061,"3,974",44,1.1
31,31062,"4,962",2,0
31,31063,"5,631",0,0
31,31064,"1,701",0,0
31,31065,"2,118",9,0.4
31,31066,"4,220",0,0
31,31067,"10,053",18,0.2
31,31068,"3,206",4,0.1
31,31069,"8,967",1,0
31,31070,"3,971",2,0.1
31,31071,"1,949",0,0
31,31072,"1,857",0,0
31,31073,"5,854",102,1.7
31,31074,"3,774",1,0
31,31075,"6,921",15,0.2
31,31076,"17,939",0,0
31,31077,"2,683",38,1.4
31,31078,"3,747",0,0
31,31079,"45,062",596,1.3
31,31080,"11,020",4,0
31,31081,"3,355",4,0.1
31,31082,"3,512",3,0.1
31,31083,"1,915",0,0
31,31084,"7,037",0,0
31,31085,"16,680",25,0.1
31,31086,"2,133",3,0.1
31,31087,"5,464",0,0
31,31088,"1,917",0,0
31,31089,"40,495",2,0
31,31090,"7,503",0,0
31,31091,"12,700",0,0
31,31092,"7,888",4,0.1
31,31093,"18,420",23,0.1
31,31094,"5,444",0,0
31,31095,"5,690",0,0
31,31096,"80,672",278,0.3
31,31097,"3,684",5,0.1
31,31098,"15,346",176,1.1
31,31099,"4,191",75,1.8
31,31100,"4,049",0,0
31,31101,"69,147",0,0
31,31102,"85,460",154,0.2
31,31103,"3,451",0,0
31,31104,"16,350",220,1.3
31,31105,"3,293",0,0
31,31106,"2,215",0,0
32,32001,"6,260",163,2.6
32,32002,"4,942",425,8.6
32,32003,"2,277",97,4.3
32,32004,"4,493",126,2.8
32,32005,"45,759",303,0.7
32,32006,"8,255",2,0
32,32007,"12,115","1,354",11.2
32,32008,"13,466",530,3.9
32,32009,"10,086",626,6.2
32,32010,"240,532","3,467",1.4
32,32011,"3,362",168,5
32,32012,"8,168",273,3.3
32,32013,"6,644",39,0.6
32,32014,"20,191","4,662",23.1
32,32015,"1,579",182,11.5
32,32016,"23,526",4,0
32,32017,"211,740",72,0
32,32018,"4,547",599,13.2
32,32019,"25,296","1,372",5.4
32,32020,"59,910","1,285",2.1
32,32021,"4,465","1,488",33.3
32,32022,"19,749",4,0
32,32023,"12,251",23,0.2
32,32024,"53,709",115,0.2
32,32025,"13,184",12,0.1
32,32026,"17,774","5,549",31.2
32,32027,"2,736","1,461",53.4
32,32028,"2,451",465,19
32,32029,"23,713",527,2.2
32,32030,"2,446",82,3.4
32,32031,"8,683",887,10.2
32,32032,"13,207",42,0.3
32,32033,"4,530",244,5.4
32,32034,"27,945",353,1.3
32,32035,"16,284",27,0.2
32,32036,"44,144","1,378",3.1
32,32037,"17,577",516,2.9
32,32038,"72,241","15,399",21.3
32,32039,"64,535","1,223",1.9
32,32040,"21,844",728,3.3
32,32041,"2,509",420,16.7
32,32042,"63,665","6,197",9.7
32,32043,"1,365",15,1.1
32,32044,"16,588",208,1.3
32,32045,"8,321",688,8.3
32,32046,"6,490","1,282",19.8
32,32047,"5,356",475,8.9
32,32048,"27,302","1,668",6.1
32,32049,"32,461","8,122",25
32,32050,"10,276",0,0
32,32051,"34,623","2,913",8.4
32,32052,"19,525",548,2.8
32,32053,"13,208","1,217",9.2
32,32054,"19,446",788,4.1
32,32055,"31,558",851,2.7
32,32056,"149,607",141,0.1
32,32057,"20,455",0,0
32,32058,"2,767",364,13.2